8996001600269,Mountain Mineral Water
8996001600146,Teh Pucuk Harum Jasmine 350 ml
8998009010613,Ultra Milk Full Cream
8998866632287,Aquviva 600ml
8992770094117,Saori Saos Tiram
8997240602854,Creamy Classic Oat M*lk
8886008101053,Aqua Botol 600 ml
8886008101091,AQUA
0089686010947,Indomie Mi Goreng Original
8992760221028,Oreo Original (Vanilla)
8996129809131,Cleo
8997035563414,POCARI SWEAT 500 ml
8997035563544,POCARI SWEAT 350ml
8996001440049,ENERGEN COKLAT 34g
8997240600010,Oat Milk
8996001302620,Malkist
8888166606395,Salcheese combo
8996006858030,Teh botol less sugar
8997020180961,3 In 1 Oats Vanilla
8996001600399,Le Minerale 1.5l
8999510785540,Pristine
8997009510123,Orange water
8998866202732,milku stroberi 200ml
8888166603431,Superco Malkist Krim Cokelat
8996001308059,Sari Gandum
8995102708591,Gimbori rumput laut kering tabur
8992858527308,Hydro Coco Original 250ml
8994834000218,Deo Goriorio vanilla
8993004789083,Mr potato original
8996001354124,beng-beng extra chocolate caramel
8992696521797,Milo
8992982206001,Npl 600 ml
8997009510017,You C1000 Vitamin Lemon
8998009010231,Ultra Milk Coklat 250ML
8992752112013,mizone activ lychee lemon
8998009010248,Ultra Milk Stroberi 250 ml
8997009781110,Hydro Coco ori
8993351121307,GreenFields Full Cream Milk
0089686010015,Indomie Ayam Bawang
8998009020186,Buavita Juice Jambu 245ml
8992775311615,Chocolatos 24Pcs
8996001600375,Le Minerale Mini 330 ml
8998009020216,Buavita Lychee 245ml
8996006858016,Tehbotol sosro original
0089686010527,Indomie Kari Ayam
8994834000331,Go potato
8997225200051,Greensand lime apple
8992775204054,garuda kacang atom
9556001288547,Nescafe cappucino 220ml
