8886467105760,Pringles Cheesy Cheese 42g,Pringles,42g
8996001370063,Choki Choki Chocolate Stick,Choki Choki,,
8997225200235,Bintang Zero Can,,,
8991002122000,ABC Chocomalt,ABC,,
0089686043204,Indomie Mi Goreng Aceh,Indomie,90g
8992984910142,Saus Cabe Dua Belibis,,235ml
8997020180350,Quaker Instant Oatmeal,Quaker,,
8992753120802,Frisian Flag Full Cream 800g,Frisian Flag,800g
8992761002077,Sprite Zero Sugar 390ml,,390ml
8993175535250,Nabati Bites Cheese Cream Wafer,Nabati,287g
8996001350829,Roma Wafello Chocolate Gelato,Roma,38g
50819515,Fisherman's Original,,,
0089686732016,Chitato Lite,Indofood,35g
8996001314005,Roma Kelapa Cream Coklat,Roma,189g
8993200666942,Cimory Yoghurt Strawberry,Cimory,120g
8991002105485,Kapal Api Special Mix,Kapal Api,25g
8992994110143,Yakult Light,Yakult,,
8992717781025,Kara Kerucut 65ml,Kara,65ml
8992388101023,Nu Green Tea Rasa Madu,ABC,450ml
0089686400359,Indofood Sambal Pedas,Indofood,275ml
0711844120440,ABC Sambal Extra Pedas,ABC,270ml
8886467100055,Pringles Hot & Spicy,Pringles,107g
8998009010255,Ultra Milk UHT Mokka,Ultrajaya,250ml
8998866202114,Mi Sedaap Goreng 5x,Sayap Mas,,
8992761139018,Ades Air Mineral 600ml,,600ml
8992718853875,Gekikara Ramen Carbon Pedas,,,
8990333164079,Lotte Xylitol Blueberry 68g,Lotte,68g
8998866200882,Mie Instan Goreng Ayam Kremees 133g,Wings Food,133g
8992696427976,Milo 3 in 1,Nestle,790g
8993200666898,Cimory Fresh Milk,Cimory,250ml
0089686386318,Indofood Bumbu Racik Sayur Sop,Indofood,20g
8993058304201,Tolak Angin Bejo,Bintang Toedjoe,15ml
8888166989559,Monde Nissin Crackers,Monde,454g
8992993260351,Colatta 250g,Colatta,250g
8998888712196,Del Monte Saus Spaghetti,Del Monte,250g
8888900400111,La Fonte Spaghetti,Indofood,450g
0089686821086,Oca 350ml,Indofood,350ml
8992761136178,Sprite 1L,Coca-Cola,1L
8996006856180,Sosro Teh Botol Original 1L,Sosro,1000ml
8999099920585,SGM Ananda 150gr,SGM,150g
8997214270072,Ellenka Fiber Creme,Ellenka,,
8991102384841,Tango Royal Chocolate,Tango,120g
0089686386066,Indofood Racik Bumbu Ayam Goreng,Indofood,25g
8992753005475,Frisian Flag Low Fat Fresh Milk,Frisian Flag,,
8994755030479,Good Time Rainbow,Good Time,72g
8996001603376,Energen Kurma,Energen,30g
8992957251487,Golden City,,,
8992772665049,Amunizer,,140ml
